"","OBJECTID","mun","semi_arido","newtipology","dens_mean","percent_medio_ab","IFDM_geral_2016","SNIS_G12A_2015","SNIS_G12B_2015","mediaciclo22","bioma_2014","grupo_SES_CRI_2014","ZK_incid_2016","ZK_incid_2017","ZK_incid_2018","ZK_incid_2019","chik_incid_2016","chik_incid_2017","chik_incid_2018","chik_incid_2019","dg_incid_2016","dg_incid_2017","dg_incid_2018","dg_incid_2019"
"1",1,"ABAIRA",0,4,17.1,100,"",NA,NA,3.5,1,"1",0,10.87,0,0,NA,NA,NA,NA,10.86,21.74,22.81,22.89
"2",2,"ABARE",1,4,12.42,100,"0.611513",19574,19574,4.25,3,"1",30.09,4.95,0,0,20.06,4.95,5.05,4.98,5.02,0,0,1075.38
"3",3,"ACAJUTIBA",NA,3,86.87,100,"0.510299",15717,NA,1.5,3,"1",0,0,0,19.79,0,0,0,72.56,0,0,0,224.29
"4",4,"ADUSTINA",0,3,27.29,70.49,"",17153,NA,3.75,3,"1",0,11.53,0,17.61,5.8,5.76,0,0,411.5,40.35,23.83,399.06
"5",5,"AGUA FRIA",0,3,23.46,100,"0.525544",17043,NA,1.5,3,"1",22.95,0,5.92,5.89,0,0,0,11.79,17.21,5.71,23.67,548.03
"6",6,"AIQUARA",0,3,28.26,100,"0.428362",4767,NA,4,3,"1",1074.82,0,0,0,147.52,42.33,0,0,189.67,84.66,0,67.48
"7",7,"ALAGOINHAS",NA,5,219.57,66.13,"0.668346",154495,154495,1.25,3,"1",54.07,2.56,1.99,27.71,6.44,0.64,0.66,60.69,15.45,13.46,10.61,333.78
"8",8,"ALCOBACA",NA,3,15.74,100,"0.546071",23282,NA,1.75,1,"1",175.73,4.28,0,0,475.76,1296.2,75.73,48.95,1358.71,38.5,22.27,31.15
"9",9,"ALMADINA",NA,1,24.72,100,"0.599554",6145,NA,3,1,"1",329.92,16.71,0,0,3645.66,0,0,0,890.8,0,0,18.3
"10",10,"AMARGOSA",0,1,88.12,86.77,"0.634804",37807,37807,4.75,3,"1",89.38,0,0,0,44.69,7.84,2.7,0,49.95,10.46,0,26.85
"11",11,"AMELIA RODRIGUES",NA,1,152.31,92.48,"0.591554",26441,NA,5.25,3,"3",NA,NA,NA,NA,60.55,0,0,7.97,3.78,0,0,1330.57
"12",12,"AMERICA DOURADA",0,3,20.41,100,"0.565623",16923,NA,1,3,"1",703.18,11.91,111.82,80.78,482.69,0,0,12.43,1120.31,29.77,80.76,385.24
"13",13,"ANAGE",0,3,14.83,100,"0.461822",20096,NA,2,1,"1",0,5.11,0,0,NA,NA,NA,NA,196.73,0,0,31.81
"14",14,"ANDARAI",0,3,8.63,100,"0.534308",13723,NA,4,1,"1",43.69,14.56,0,0,43.69,0,15.21,0,72.82,7.28,38.01,167.39
"15",15,"ANDORINHA",1,3,11.41,100,"0.50641",14791,NA,3.25,1,"1",32.15,0,0,47.96,321.52,6.46,0,6.85,469.42,32.28,0,274.07
"16",16,"ANGICAL",NA,3,9.61,99.61,"0.627828",14724,NA,4,1,"2",6.8,0,0,0,0,6.81,0,0,47.6,13.61,28.54,135.94
"17",17,"ANGUERA",0,3,60.7,100,"0.520575",11299,NA,5,3,"3",105.24,0,26.93,35.65,420.98,0,0,35.65,78.93,26.13,53.85,356.47
"18",18,"ANTAS",0,3,60.27,87.27,"0.493469",19183,NA,5,3,"1",294.09,5.11,15.71,0,1227.94,0,0,10.37,1810.96,5.11,0,36.29
"19",19,"ANTONIO CARDOSO",0,3,41.56,100,"0.593912",12225,NA,3.5,3,"3",24.59,0,0,17.12,0,0,0,0,16.39,8.19,8.55,462.21
"20",20,"ANTONIO GONCALVES",1,3,34.72,100,"0.501358",12187,NA,4,1,"1",775.71,0,8.54,0,633.91,0,0,0,417.05,16.57,34.14,59.33
"21",21,"APORA",NA,3,40.11,100,"0.584557",19146,NA,1.75,3,"1",46.82,0,0,0,93.64,0,0,5.64,5.2,0,0,78.96
"22",22,"APUAREMA",NA,3,51.35,100,"0.548025",7762,NA,3,3,"1",64.56,0,0,13.64,38.73,0,0,0,154.94,38.81,0,95.5
"23",23,"ARACAS",NA,3,26.32,100,"0.541963",NA,NA,3,1,"1",NA,NA,NA,NA,0,0,8.24,16.42,0,0,0,98.55
"24",24,"ARACATU",0,3,9.41,94.56,"0.547207",14089,NA,3.75,3,"1",21.39,0,0,7.61,NA,NA,NA,NA,149.75,14.32,0,38.07
"25",25,"ARACI",0,3,37.2,81.75,"0.485405",56370,56370,0.25,3,"1",3.59,0,0,1.84,21.57,3.58,1.85,9.19,12.58,12.51,3.7,356.76
"26",26,"ARAMARI",NA,3,30.86,100,"0.58587",11314,NA,2.75,3,"1",NA,NA,NA,NA,NA,NA,NA,NA,0,0,0,587.87
"27",27,"ARATACA",NA,3,26.83,100,"",11737,NA,3.75,1,"1",350.52,17.15,9.03,0,51.3,0,0,0,376.16,8.58,0,9.08
"28",28,"ARATUIPE",NA,3,52.58,100,"0.526268",9127,NA,4,1,"1",10.93,0,0,0,10.93,0,0,0,10.93,0,11.35,45.33
"29",29,"AURELINO LEAL",NA,1,28.94,100,"0.448537",13089,NA,2.25,3,"1",23.27,0,0,0,7.76,0,0,0,209.45,31.48,0,0
"30",30,"BAIANOPOLIS",NA,3,4.29,100,"0.444058",14195,NA,4.5,1,"2",7.01,0,0,0,7.01,0,0,50.44,7.01,6.98,0,223.39
"31",31,"BAIXA GRANDE",0,3,22.11,89.62,"0.479383",21197,NA,4,3,"3",60.77,51.39,9.76,0,958.26,495.26,0,0,313.19,308.37,0,9.77
"32",32,"BANZAE",0,3,33.55,100,"0.551396",13711,NA,2.75,1,"1",29.12,0,0,0,342.12,7.26,0,75.59,50.95,0,22.7,188.98
"33",33,"BARRA",0,4,4.78,84.14,"0.513426",NA,NA,5.25,1,"1",32.99,5.46,15.03,5.6,27.49,1.82,0,1.87,34.82,12.75,144.65,70.92
"34",34,"BARRA DA ESTIVA",0,3,13.41,100,"0.644293",22394,22394,4.5,1,"1",53.98,4.53,0,0,17.99,0,0,0,53.98,4.53,0,24.27
"35",35,"BARRA DO CHOCA",0,1,44.99,100,"0.599311",34853,34853,2.25,3,"1",81.35,0,0,3.16,0,5.86,0,0,37.77,17.58,6.25,50.63
"36",36,"BARRA DO MENDES",0,3,9.18,100,"0.57847",14526,NA,1.25,1,"1",13.73,0,0,21.64,0,6.87,0,21.64,6.86,6.87,0,2408.94
"37",37,"BARRA DO ROCHA",NA,3,29.56,100,"0.53332",6424,NA,5,1,"1",788.89,15.98,0,17.5,94.67,0,0,0,157.78,31.96,0,105.01
"38",38,"BARREIRAS",NA,5,19.79,60.31,"0.714347",153918,153918,4.5,1,"2",75.87,144,46.8,31.52,21.22,27.91,3.25,3.22,133.1,91.35,112.46,1484.83
"39",39,"BARRO ALTO",0,3,36.41,100,"0.522251",15377,NA,1.75,3,"1",NA,NA,NA,NA,0,0,0,87.07,39.75,6.57,0,227.71
"40",40,"BARRO PRETO",NA,3,30.71,100,"0.603521",NA,NA,4.5,1,"1",1727.66,47.99,0,0,3392.49,95.98,0,0,4774.62,287.95,17.41,0
"41",41,"Barrocas (BA)",NA,3,80.2,NA,"",NA,NA,2.5,3,"1",NA,NA,NA,NA,NA,NA,NA,NA,NA,NA,NA,NA
"42",42,"BELMONTE",NA,1,12.32,100,"0.54892",23759,23759,2.75,1,"1",167.43,4.16,107.69,17.15,58.6,79.12,129.23,0,1431.5,199.89,1085.55,167.18
"43",43,"BELO CAMPO",0,3,23.7,100,"0.520733",18383,NA,4.25,3,"1",43.69,16.44,0,17.43,NA,NA,NA,NA,518.79,164.41,0,0
"44",44,"BIRITINGA",0,3,30.03,100,"0.467737",15799,NA,5,3,"1",NA,NA,NA,NA,0,0,0,12.52,0,6,0,563.24
"45",45,"BOA NOVA",0,3,16.85,100,"0.578246",14577,14577,4.75,1,"1",195.61,0,0,7.92,6.99,0,0,7.92,209.59,14.22,0,15.83
"46",46,"BOA VISTA DO TUPIM",0,3,6.57,100,"0.51414",18658,NA,3.75,1,"1",1465.46,0,0,0,865.96,15.38,0,5.38,845.46,25.64,16.11,102.28
"47",47,"BOM JESUS DA LAPA",0,5,17.03,99.81,"0.6201",69526,69526,4.25,1,"1",24.25,12.74,24.78,1.45,12.84,1.42,5.83,2.89,32.81,32.57,1096.07,112.8
"48",48,"BOM JESUS DA SERRA",0,3,22.48,100,"0.500035",10554,NA,3.5,3,"1",9.51,0,10.06,0,28.53,0,0,0,19.02,0,0,30.36
"49",49,"BONINAL",0,4,16.36,94.69,"0.420036",14585,NA,5,1,"1",34.07,0,7,13.92,13.63,0,0,20.88,102.21,0,0,988.31
"50",50,"BONITO",0,3,21.49,100,"0.584018",16873,NA,4,1,"1",41.16,0,6.01,0,35.28,0,6.01,0,182.29,11.67,0,214.75
"51",51,"BOQUIRA",0,4,15.74,89.2,"0.639615",NA,NA,3.25,1,"1",204.92,13.35,23.23,41.84,8.91,17.81,0,23.25,160.37,17.81,69.7,181.33
"52",52,"BOTUPORA",0,3,17.46,100,"",11021,NA,5,3,"1",1067.81,110.11,9.71,9.79,54.76,9.18,0,9.79,237.29,229.4,0,822.64
"53",53,"BREJOES",0,3,29.25,100,"0.562356",15214,15214,4.75,3,"1",270.34,0,6.96,0,0,0,0,7,6.59,0,20.88,13.99
"54",54,"BREJOLANDIA",0,3,4.79,100,"0.494133",10698,NA,4.75,1,"2",NA,NA,NA,NA,0,0,76.24,0,65.01,9.23,1115.03,1060.91
"55",55,"BROTAS DE MACAUBAS",0,4,4.66,100,"0.544495",11070,NA,4.5,1,"1",316.77,18.22,19.34,127.06,217.21,0,9.67,39.1,72.4,18.22,29.01,518.03
"56",56,"BRUMADO",0,5,31.47,88.84,"0.742591",69255,69255,1.25,3,"1",1065.16,7.18,5.97,29.76,24.47,1.44,1.49,13.39,54.7,5.74,2.98,447.95
"57",57,"BUERAREMA",NA,1,87.79,100,"0.477811",19283,NA,1,1,"1",1868.29,20.77,0,0,2641.55,41.55,0,10.9,5174.11,160.99,10.87,81.75
"58",58,"BURITIRAMA",0,4,5.36,76.33,"0.473283",NA,NA,5,1,"1",23.07,0,18.99,4.72,4.61,4.59,9.49,0,32.3,192.78,422.46,42.5
"59",59,"CAATIBA",0,3,19.6,100,"0.501405",10166,NA,2.25,3,"1",169.26,0,0,14.8,79.65,38.26,0,0,418.16,76.52,0,0
"60",60,"CABACEIRAS DO PARAGUACU",0,3,86.47,100,"0.598492",18978,18978,4.5,3,"1",281.26,0,0,0,5.21,0,0,5.32,57.29,0,0,568.94
"61",61,"CACHOEIRA",NA,5,87.55,100,"0.575233",34535,34535,1.75,1,"1",71.4,2.85,0,2.99,5.71,0,5.91,17.93,37.13,0,5.91,313.71
"62",62,"CACULE",0,1,38.77,100,"0.639611",23545,NA,5.25,3,"1",84.44,0,4.34,0,38,0,0,0,363.1,8.4,8.68,306.43
"63",63,"CAEM",0,3,18.82,100,"0.504277",10143,NA,3.75,1,"1",78.59,49.71,0,32.56,19.65,29.83,21.34,0,0,9.94,10.67,2626.72
"64",64,"CAETANOS",0,3,18.28,96.59,"0.462552",15982,NA,2.75,3,"1",56.09,0,0,0,6.23,0,0,0,6.23,0,0,27.51
"65",65,"CAETITE",0,1,19.87,71.77,"0.624236",52531,NA,1.75,1,"1",3.8,3.78,1.97,1.96,18.98,3.78,0,3.92,134.74,17.03,11.8,158.9
"66",66,"CAFARNAUM",0,3,29.39,100,"0.479324",18695,NA,1,3,"1",47.58,10.52,5.45,0,10.57,5.26,0,43.39,15.86,5.26,10.9,1941.75
"67",67,"CAIRU",NA,3,40.07,100,"0.606872",17730,17730,1.5,1,"1",61.16,0,0,5.5,22.24,0,0,11,50.04,5.49,0,66.02
"68",68,"CALDEIRAO GRANDE",0,3,29.77,94.51,"0.56095",13641,NA,4.75,3,"1",960.2,0,0,0,183.24,7.29,7.54,0,29.32,7.29,0,1530.73
"69",69,"CAMACAN",NA,1,56.86,100,"0.475966",33197,33197,1.25,1,"1",1154.64,6,0,3.13,1638.75,12.01,3.13,3.13,2736.27,24.02,0,18.76
"70",70,"CAMACARI",NA,5,371.91,81.55,"0.688029",286919,286919,0.25,3,"3",19.17,11.79,12.26,38.78,11.3,10.1,84.77,240.36,11.98,14.15,17.7,457.66
"71",71,"CAMAMU",NA,3,43.52,87.21,"0.510486",36435,36435,1,1,"1",435.1,0,0,0,224.39,0,8.51,0,101.25,10.92,8.51,22.65
"72",72,"CAMPO ALEGRE DE LOURDES",1,3,10.78,73.9,"0.544883",29938,29938,4.5,1,"1",10,3.33,0,3.47,0,3.33,3.47,0,20,3.33,76.27,55.56
"73",73,"CAMPO FORMOSO",1,1,10.21,89.06,"0.50945",72271,72271,1.75,1,"1",1325.26,4.08,0,4.21,715.28,4.08,0,8.43,961.46,66.71,4.23,58.98
"74",74,"CANAPOLIS",NA,3,22.04,100,"",10142,10142,5,1,"1",NA,NA,NA,NA,0,0,20.58,0,0,59.11,823.13,545.77
"75",75,"CANARANA",0,3,46.06,100,"0.518267",26382,NA,1.25,3,"1",0,3.72,0,0,11.24,0,0,15.28,29.96,11.17,207.53,2124.08
"76",76,"CANAVIEIRAS",NA,5,24.83,87.27,"0.538205",33268,33268,3.5,3,"1",169.03,9.09,3.19,0,329.01,57.57,3.19,6.43,682.16,115.14,3.19,28.94
"77",77,"CANDEAL",0,3,19.87,100,"0.451131",9011,NA,4.5,3,"3",22.49,0,0,12.11,101.19,11.32,0,36.33,11.24,56.58,0,1150.4
"78",78,"CANDEIAS",NA,5,354.77,74.25,"0.638121",88806,88806,1.25,3,"5",156.83,14.49,5.77,3.45,44.81,7.8,1.15,2826.27,34.73,13.38,4.61,101.06
"79",79,"CANDIBA",0,3,33.97,70.83,"0.577496",14667,NA,3.5,3,"1",13.58,0,0,0,0,0,0,6.98,6.79,0,0,1606.26
"80",80,"CANDIDO SALES",0,1,22.88,100,"0.481805",26855,NA,2.25,1,"1",691.33,26.24,0,19.85,168.16,393.64,0,3.97,2167.41,1379.62,7.9,43.67
"81",81,"CANSANCAO",0,3,26.71,100,"0.453112",35235,NA,3.25,3,"1",839.22,0,0,11.48,5259.66,11.05,0,2.87,614.87,2.76,0,192.34
"82",82,"CANUDOS",1,3,5.4,99.91,"0.511552",17177,NA,4,1,"1",992.92,0,0,0,1265.82,0,0,0,3321.33,0,0,281.98
"83",83,"CAPELA DO ALTO ALEGRE",0,3,19.38,100,"0.458914",12118,NA,2.75,3,"3",98.34,24.59,0,34.37,90.14,0,0,0,16.39,0,0,206.24
"84",84,"CAPIM GROSSO",0,5,67.09,97.28,"0.555649",29346,29346,4.75,3,"1",327.12,22.3,0,39.14,734.42,0,0,143.5,352.78,12.74,3.28,887.09
"85",85,"CARAIBAS",0,3,12.28,100,"0.512869",10016,10016,1,3,"1",30.33,0,0,0,NA,NA,NA,NA,434.78,0,0,0
"86",86,"CARAVELAS",NA,3,9.52,100,"0.560276",22548,NA,0.5,1,"1",203.13,39.58,0,4.54,401.84,681.62,13.68,4.54,980.31,61.57,13.68,90.84
"87",87,"CARDEAL DA SILVA",NA,3,33.43,100,"0.518321",9747,NA,2.5,3,"1",387.4,0,0,0,1835.05,0,0,86.07,428.18,0,0,1355.57
"88",88,"CARINHANHA",0,3,11.88,96.86,"0.520725",29955,29955,4.25,1,"1",459.37,0,0,0,49.93,0,0,0,848.84,0,624.89,13.78
"89",89,"CASA NOVA",1,5,7.55,85.2,"0.557141",72172,72172,2.75,1,"1",112.64,0,49.04,5.56,53.57,2.73,19.62,1.39,427.21,4.09,494.63,34.74
"90",90,"CASTRO ALVES",0,1,38.05,100,"0.56778",27286,27286,4.75,3,"1",1726.74,0,0,0,552.26,0,0,0,180.41,11.01,0,125.65
"91",91,"CATOLANDIA",NA,3,5.25,100,"0.591833",3672,NA,4,1,"2",81.19,0,0,0,NA,NA,NA,NA,0,54.51,0,0
"92",92,"CATU",NA,5,131.25,80.69,"0.600273",55719,NA,2.75,3,"1",12.49,1.77,0,25.59,14.28,1.77,1.84,133.45,7.14,3.54,11.02,138.93
"93",93,"CATURAMA",0,4,13.63,100,"0.537154",9762,9762,4.75,3,"1",891.03,0,0,0,20.48,0,10.71,0,389.18,20.48,42.83,2283.2
"94",94,"CENTRAL",0,3,31.63,100,"0.512291",18140,NA,2.75,3,"1",11.15,0,0,0,27.88,0,0,0,39.03,0,11.59,104.25
"95",95,"CHORROCHO",1,4,3.85,100,"0.637227",11522,11522,5,1,"1",0,0,0,8.95,17.3,0,0,8.95,17.3,8.63,0,161.05
"96",96,"CICERO DANTAS",0,1,40.03,94.83,"0.44003",34478,NA,1.75,3,"1",83.86,0,0,0,662.21,0,0,0,604.38,0,0,113.79
"97",97,"CIPO",0,1,113.49,100,"0.472644",17602,NA,3.75,3,"1",5.66,0,5.85,5.78,5.66,0,5.85,69.36,0,0,0,86.71
"98",98,"COARACI",NA,5,70.61,97.25,"0.537759",19770,NA,2,1,"1",975.08,105.14,11.46,0,1083.42,141.94,0,5.88,1181.45,389.02,45.82,70.62
"99",99,"COCOS",0,4,1.92,100,"0.569111",NA,NA,3.5,2,"1",NA,NA,NA,NA,NA,NA,NA,NA,0,0,0,10.65
"100",100,"CONCEICAO DA FEIRA",NA,1,138.59,97.84,"0.619776",22656,22656,1.25,3,"1",48.16,8.69,0,0,17.51,0,4.47,22.14,8.76,4.34,0,646.56
"101",101,"CONCEICAO DO ALMEIDA",NA,3,64.17,100,"0.557055",18525,NA,2,3,"1",60.18,0,0,5.8,103.95,5.49,0,17.39,10.94,0,0,249.32
"102",102,"CONCEICAO DO COITE",0,5,66.86,72.73,"0.578535",68146,68146,1,3,"1",194.48,1.46,0,0,1174.22,0,0,0,546.59,1.46,1.51,108.09
"103",103,"CONCEICAO DO JACUIPE",NA,5,286.09,100,"0.630266",33354,NA,4.75,3,"3",20.82,0,0,30.16,26.77,0,0,42.23,38.66,5.9,18.23,947.12
"104",104,"CONDE",NA,3,28.37,100,"0.589437",26194,NA,0,3,"3",37.86,7.58,7.8,69.67,45.43,45.5,0,537.99,7.57,3.79,0,255.45
"105",105,"CONDEUBA",0,3,13.52,100,"0.602121",18269,NA,4,1,"1",5.49,16.49,17.32,0,27.43,5.5,5.77,5.8,142.63,10.99,0,75.38
"106",106,"CONTENDAS DO SINCORA",0,3,4.41,100,"0.671716",4326,NA,5.25,1,"1",0,0,0,24.59,NA,NA,NA,NA,92.76,23.26,0,319.72
"107",107,"CORACAO DE MARIA",0,3,63.32,100,"0.577686",23146,NA,5.25,3,"3",4.17,0,0,0,4.17,4.18,589.81,30.97,16.69,0,57.22,3901.79
"108",108,"CORDEIROS",0,3,16.94,100,"0.575041",8834,NA,4.5,1,"1",67.64,0,0,0,11.27,0,0,0,33.82,11.23,0,0
"109",109,"CORIBE",0,4,5.62,100,"0.503388",14976,NA,2.5,1,"1",NA,NA,NA,NA,0,0,0,0,147.12,0,28.09,1387.91
"110",110,"CORONEL JOAO SA",0,3,19.19,100,"0.515044",17098,17098,3.5,3,"1",271.37,0,0,0,1492.54,11.89,0,0,1899.59,0,0,119.53
"111",111,"CORRENTINA",NA,3,2.9,87.69,"0.507682",33183,33183,4.25,1,"1",NA,NA,NA,NA,0,0,0,3.11,303.53,41.97,2104.05,3690.45
"112",112,"COTEGIPE",NA,3,3.36,100,"0.574565",14403,NA,3,1,"2",0,6.94,413.16,108.84,0,0,14.5,137.86,0,27.75,28.99,253.95
"113",113,"CRAVOLANDIA",0,3,30.5,100,"0.567375",5560,5560,2.5,1,"1",610.63,0,0,0,71.84,0,0,0,0,0,0,37.39
"114",114,"CRISOPOLIS",0,3,34.09,98.85,"0.53193",21617,NA,2.75,3,"1",18.43,0,0,9.48,0,0,0,23.69,4.61,0,0,232.19
"115",115,"CRISTOPOLIS",NA,3,13.63,100,"0.618305",14302,NA,4.75,1,"2",355.3,6.94,7.21,0,6.97,0,0,0,222.93,34.71,43.25,1207.76
"116",116,"CRUZ DAS ALMAS",NA,5,464.01,71.88,"0.690135",64197,64197,2.75,3,"1",91.4,1.54,0,4.74,6.2,0,3.18,25.3,12.39,3.08,3.18,336.82
"117",117,"CURACA",1,3,5.95,84.14,"0.575818",35208,35208,1.75,1,"1",28.31,2.81,2.91,0,11.33,0,0,0,8.49,2.81,0,20.17
"118",118,"DARIO MEIRA",0,3,28.68,100,"0.431773",12022,NA,2.75,1,"1",826.03,0,0,0,101.15,0,0,0,261.29,8.54,0,56.02
"119",119,"DIAS D'AVILA",NA,5,430.99,80.41,"0.649096",NA,NA,1.25,3,"3",18.89,17.36,8.78,11.1,22.67,12.4,2.51,25.9,23.93,73.15,28.86,65.36
"120",120,"DOM BASILIO",0,3,18.23,95.53,"0.641303",NA,NA,3.25,3,"1",0,0,24.68,24.59,0,0,16.45,0,15.93,0,378.45,245.92
"121",121,"DOM MACEDO COSTA",NA,3,44.32,100,"0.685003",4153,NA,5.25,3,"1",71.41,0,0,0,0,0,0,0,71.41,0,0,739.28
"122",122,"ELISIO MEDRADO",0,3,47.11,100,"0.577159",8434,NA,4.5,3,"1",NA,NA,NA,NA,0,0,0,0,11.84,0,0,12.31
"123",123,"ENCRUZILHADA",0,1,10.5,100,"0.4815",20331,20331,1.5,1,"1",25.21,0,0,0,5.04,10.32,0,0,867.07,15.48,0,129.37
"124",124,"ENTRE RIOS",NA,1,36.35,86.76,"0.503694",43006,43006,2.75,1,"1",23.16,0,0,43.08,27.8,0,0,761.13,18.53,0,0,820.97
"125",125,"ERICO CARDOSO",0,3,15.51,100,"0.528789",11437,NA,2.5,1,"1",17.54,0,0,56.55,0,8.92,0,0,43.84,8.92,28.14,1950.99
"126",126,"ESPLANADA",NA,1,28.54,81.29,"0.510331",36724,NA,1.75,3,"1",13.48,0,2.71,676.75,5.39,0,0,942.61,2.7,5.28,0,773.42
"127",127,"EUCLIDES DA CUNHA",0,3,30.92,100,"0.51823",60666,60666,2,1,"1",613.46,1.61,0,21.46,1137.65,4.84,0,8.25,572.88,4.84,23.39,2396.63
"128",128,"EUNAPOLIS",NA,5,80.14,93.6,"0.682823",113191,113191,5,3,"1",295.78,114.49,6.23,9.7,68.26,1814.55,32.94,12.35,598.56,456.24,37.39,72.32
"129",129,"FATIMA",0,3,51.37,100,"0.624873",18481,NA,5,3,"1",32.5,0,0,0,173.34,0,0,0,81.25,5.42,11.36,430.41
"130",130,"FEIRA DA MATA",0,4,5.03,100,"0.506222",NA,NA,2.75,1,"1",NA,NA,NA,NA,NA,NA,NA,NA,219.67,0,0,35.3
"131",131,"FEIRA DE SANTANA",0,5,477.33,72.16,"0.663777",617528,617528,2.5,3,"3",59.26,34.42,18.2,6.67,62.96,29.64,16.72,61.31,43.36,23.91,104.93,1920.89
"132",132,"FILADELFIA",1,3,29.64,100,"0.587923",17583,NA,3.5,3,"1",58.19,5.82,0,73.27,2973.7,11.64,6.09,0,17.46,5.82,0,61.06
"133",133,"FIRMINO ALVES",NA,3,33.68,100,"0.562784",5786,NA,1.5,3,"1",4445.21,0,0,0,465.2,0,0,0,1722.95,171.76,0,71.21
"134",134,"FLORESTA AZUL",NA,3,35.14,95.89,"0.506707",11313,NA,3.5,3,"1",1028.46,8.89,0,0,6525.4,17.79,0,9.41,1445.16,35.57,56.15,84.67
"135",135,"FORMOSA DO RIO PRETO",NA,1,1.61,96.46,"0.613295",25372,NA,3.25,1,"2",0,0,0,3.91,3.9,3.86,0,0,3.9,3.86,11.85,11.72
"136",136,"GANDU",NA,5,143.84,90.28,"0.537347",32809,32809,3,1,"1",115.05,6.02,0,0,127.16,6.02,0,6.17,12.11,0,6.21,21.6
"137",137,"GAVIAO",0,3,12.32,100,"0.579404",4712,4712,3.5,3,"3",21.1,42.33,0,448.13,0,0,0,0,84.39,126.98,0,291.28
"138",138,"GENTIO DO OURO",0,3,3.04,94.89,"0.463742",11423,11423,2,1,"1",NA,NA,NA,NA,8.62,0,0,8.9,8.62,0,481.88,462.92
"139",139,"GLORIA",1,3,10.09,100,"0.612312",16072,16072,3.75,1,"1",170.78,0,0,0,227.7,25.25,0,13.14,752.69,50.51,19.73,275.93
"140",140,"GONGOGI",NA,3,39.37,100,"0.436907",8082,NA,3.5,3,"1",75.37,12.74,0,0,25.12,1834.86,0,0,100.49,777.27,13.74,0
"141",141,"GOVERNADOR MANGABEIRA",0,5,200.61,100,"0.641886",21267,NA,1.75,3,"1",46.65,9.3,4.84,9.65,0,0,0,9.65,79.31,4.65,154.75,2456.33
"142",142,"GUAJERU",0,3,9.53,100,"0.589742",8805,NA,5,3,"1",96.13,1225.1,0,28.83,0,0,0,0,24.03,0,0,14.42
"143",143,"GUANAMBI",0,5,67.84,92.64,"0.722174",85797,85797,5,3,"1",1299.81,4.61,9.52,4.73,215.48,0,1.19,3.55,44.02,1.15,11.9,26.04
"144",144,"GUARATINGA",NA,3,10.16,100,"0.624978",22355,22355,4.5,3,"1",134.83,0,0,0,8.99,31.6,0,0,202.24,54.17,4.76,0
"145",145,"HELIOPOLIS",0,3,40.55,100,"0.577879",13762,NA,2.25,3,"1",58.23,0,0,7.67,1200.96,7.29,0,0,87.34,0,0,46.04
"146",146,"IACU",0,1,11.1,100,"0.612051",26178,NA,3,3,"1",249.88,0,0,16.46,149.93,3.86,4.08,32.92,176.84,19.32,12.25,57.6
"147",147,"IBIASSUCE",0,3,21.39,100,"0.590884",10502,NA,5.25,3,"1",67.72,9.82,0,0,9.67,0,0,0,116.09,19.64,10.61,97.57
"148",148,"IBICARAI",NA,1,102.92,100,"0.526171",24029,NA,1.25,1,"1",311.32,4.25,0,0,786.71,21.25,4.54,4.61,9108.12,675.76,436.09,272.03
"149",149,"IBICOARA",0,3,23.95,83.83,"0.641453",19548,NA,5.25,1,"1",0,0,0,35.77,0,5.05,0,30.66,112.37,0,0,914.62
"150",150,"IBICUI",0,3,14.7,100,"0.464354",16696,NA,0.75,3,"1",5.97,0,0,0,11.94,5.95,0,0,1015.05,142.89,6.19,18.52
"151",151,"IBIPEBA",0,3,13.43,100,"0.590798",18674,NA,2,1,"1",NA,NA,NA,NA,5.39,0,0,10.98,118.52,5.35,0,521.66
"152",152,"IBIPITANGA",0,4,16.09,100,"0.664246",15296,NA,5.25,3,"1",175.83,0,6.73,228.16,13.02,6.49,0,46.97,71.63,6.49,6.73,181.18
"153",153,"IBIQUERA",0,3,6.03,79.03,"0.455411",5158,NA,4.25,3,"1",166.39,0,0,0,166.39,0,0,24.73,285.24,0,0,49.46
"154",154,"IBIRAPITANGA",NA,1,51.28,100,"0.400969",24180,NA,4.75,1,"1",136.15,0,0,0,53.63,28.81,0,4.28,66.01,8.23,4.28,0
"155",155,"IBIRAPUA",NA,3,11.41,100,"0.63895",8735,NA,4.5,3,"1",1227.83,11.3,0,0,0,2078.63,0,0,2455.66,5942.16,11.65,23.16
"156",156,"IBIRATAIA",NA,1,55.24,99.03,"0.484117",17947,NA,3.75,1,"1",113.81,0,0,6.53,22.76,0,0,0,1155.18,168.4,0,326.54
"157",157,"IBITIARA",0,4,9.15,90.5,"0.515028",16699,16699,2,1,"1",184.75,0,0,0,5.96,0,0,6.12,0,0,0,361.1
"158",158,"IBITITA",0,3,31.34,91.19,"0.535939",18727,NA,1,3,"1",0,0,0,5.84,0,0,0,17.53,5.57,0,0,1390.76
"159",159,"IBOTIRAMA",0,2,15.95,99.62,"0.639578",27655,27655,5,1,"1",7.2,0,11.17,7.43,7.2,7.18,0,3.71,187.31,35.89,569.92,103.98
"160",160,"ICHU",0,3,46.5,100,"0.541588",6311,NA,5,3,"3",15.58,0,0,0,31.16,0,0,0,280.46,31.07,16.14,1933.61
"161",161,"IGAPORA",0,3,19.43,100,"0.55071",NA,NA,3.75,1,"1",30.76,0,6.4,0,55.37,0,6.4,0,215.32,12.28,102.37,140.66
"162",162,"IGRAPIUNA",NA,3,24.16,100,"0.52952",14395,NA,2,1,"1",125.98,0,0,0,76.99,0,0,0,90.99,0,0,226.83
"163",163,"IGUAI",0,1,32.39,87.47,"0.514634",27787,27787,3,3,"1",7.18,0,0,0,3.59,0,0,0,17.94,0,0,70.59
"164",164,"ILHEUS",NA,5,112.18,51.2,"0.605743",180213,180213,0,1,"1",1549.86,9.07,3.64,4.93,2584.03,27.22,7.28,8.62,2906.68,90.17,98.27,368.39
"165",165,"INHAMBUPE",0,3,37.8,93.39,"0.484365",40915,NA,1,3,"1",114.89,2.47,0,57.61,107.56,2.47,0,40.07,2.44,9.89,2.53,320.59
"166",166,"IPECAETA",0,3,41.86,100,"0.518247",15521,NA,4.75,3,"3",6.41,32.26,0,6.9,6.41,1103.3,27.35,0,6.41,96.78,68.38,780.01
"167",167,"IPIAU",NA,5,169.75,82.02,"0.54075",47501,47501,4.75,1,"1",1159.52,6.29,0,0,544.05,12.58,2.18,2.18,2247.62,71.27,2.18,505.74
"168",168,"IPIRA",0,1,20.19,65.65,"0.52908",62095,62095,5,3,"3",7.97,0,28.45,0,19.14,3.19,5.02,3.36,4.78,7.98,18.41,53.7
"169",169,"IPUPIARA",0,4,9.57,83.53,"0.590348",10113,10113,5.25,1,"1",NA,NA,NA,NA,0,0,0,0,29.68,39.38,305.59,1702.99
"170",170,"IRAJUBA",0,3,16.33,100,"0.439736",7472,NA,3,3,"1",693.61,0,0,0,NA,NA,NA,NA,120.05,0,0,0
"171",171,"IRAMAIA",0,3,5.96,100,"0.502863",10487,NA,3,1,"1",NA,NA,NA,NA,NA,NA,NA,NA,58.92,0,0,960.52
"172",172,"IRAQUARA",0,3,25.49,96.67,"0.599848",25006,NA,5.25,1,"1",90.98,31.33,0,0,67.25,31.33,0,0,19.78,43.08,32.07,2022.53
"173",173,"IRARA",0,3,110.96,98.09,"0.54045",29950,NA,5.25,3,"3",90.84,13.39,3.46,3.44,10.09,0,3.46,37.89,6.73,6.69,0,537.3
"174",174,"IRECE",0,5,231.58,91.16,"0.696319",73380,73380,1.25,3,"1",21.65,2.69,1.38,2.74,18.94,4.03,5.53,2.74,33.82,56.39,19.34,966.19
"175",175,"ITABELA",NA,5,33.78,100,"0.580951",31055,NA,3.25,3,"1",806.55,60.47,13.15,13.08,16,44.55,6.58,0,320.06,108.2,3.29,19.62
"176",176,"ITABERABA",0,5,27.9,90.22,"0.611162",66310,66310,1,3,"1",2360.64,14.97,0,32.56,6271.02,0,1.55,1.55,1665.37,136.22,31.09,860.61
"177",177,"ITABUNA",NA,5,549.55,75.31,"0.631539",219680,219680,1.75,1,"1",8006.41,204.03,0.47,7.97,6540.8,58.36,3.29,1.88,8520.5,237.51,28.2,27.2
"178",178,"ITACARE",NA,3,38.57,99.98,"0.492037",27619,27619,5,1,"1",717.52,10.57,0,0,799.63,31.71,28.68,7.07,1831.29,281.87,39.44,151.96
"179",179,"ITAETE",0,3,12.4,100,"0.489718",16446,NA,3.75,1,"1",272.41,0,0,0,115.02,0,0,0,54.48,6.03,0,0
"180",180,"ITAGI",0,1,42.74,100,"0.545227",13359,NA,5,1,"1",22.6,7.58,0,8.1,0,0,0,0,37.66,7.58,0,0
"181",181,"ITAGIBA",0,1,19.32,77.35,"0.479749",15767,NA,1.5,3,"1",1116.85,0,0,0,204.22,6.42,0,6.86,2386.88,32.1,0,164.62
"182",182,"ITAGIMIRIM",NA,1,8.35,100,"0.562968",7351,NA,2.5,3,"1",27.33,27.43,0,0,40.99,1165.82,14.46,0,300.59,438.9,28.93,0
"183",183,"ITAGUACU DA BAHIA",0,3,3.39,93.92,"",14667,NA,1,1,"1",6.85,0,0,0,0,0,6.99,0,27.39,6.79,62.89,6.93
"184",184,"ITAJU DO COLONIA",NA,3,5.94,100,"0.501348",7353,7353,1.75,3,"1",82.37,0,0,0,6974.19,27.71,0,44.9,658.98,55.42,0,0
"185",185,"ITAJUIPE",NA,1,80.14,98.85,"0.439817",21754,21754,2,1,"1",1534.77,73.93,4.86,14.64,668.3,36.97,0,39.04,1548.6,106.27,24.29,82.96
"186",186,"ITAMARAJU",NA,5,28.52,100,"0.57993",67249,67249,1.25,3,"1",156.01,34.15,9.3,1.55,52,322.17,29.45,3.1,163.44,25.24,24.8,32.57
"187",187,"ITAMARI",NA,1,59.21,100,"0.403466",8514,NA,4.5,1,"1",11.77,0,0,0,11.77,0,0,0,0,11.8,24.79,174.24
"188",188,"ITAMBE",0,5,15.07,100,"0.459316",23327,23327,3.25,3,"1",306.74,0,0,0,NA,NA,NA,NA,168.49,8.03,0,17.35
"189",189,"ITANAGRA",0,3,15.05,100,"0.510788",8034,NA,1.25,1,"1",0,0,0,15.53,NA,NA,NA,NA,24.88,0,0,15.53
"190",190,"ITANHEM",0,1,14.74,100,"0.619055",20611,NA,4.75,3,"1",681.13,0,5.13,0,34.06,24.39,1035.95,20.61,180.01,58.53,97.44,139.14
"191",191,"ITAPARICA",0,5,192.68,100,"0.528479",22615,22615,1.75,5,"5",769.43,17.49,0,0,127.51,4.37,0,13.5,294.58,26.24,4.52,67.48
"192",192,"ITAPE",NA,3,22.12,100,"0.606271",10228,NA,1.25,3,"1",927.96,30.52,0,0,917.98,20.35,0,0,2045.5,71.21,11.1,11.41
"193",193,"ITAPEBI",NA,3,10.72,100,"0.57463",10882,NA,4.75,3,"1",1704.13,27.7,0,0,221.08,849.49,48.52,9.75,672.44,941.83,58.22,58.49
"194",194,"ITAPETINGA",0,5,46.56,61.42,"0.606053",76184,76184,0.5,3,"1",290.06,7.74,0,1.31,1283.8,5.16,0,1.31,2172.19,28.38,1.33,6.57
"195",195,"ITAPICURU",0,3,23.33,93.52,"0.408776",35987,NA,3.5,3,"1",22.03,0,0,5.62,399.23,11.05,0,8.43,2.75,5.52,0,67.46
"196",196,"ITAPITANGA",NA,1,25.67,100,"0.485167",10800,NA,3,3,"1",574.13,0,0,0,3407.72,9.26,0,0,1564.96,37.04,9.68,19.39
"197",197,"ITAQUARA",0,3,24.87,100,"0.448304",8519,8519,2.75,3,"1",409.02,0,0,0,NA,NA,NA,NA,0,0,0,0
"198",198,"ITARANTIM",0,5,12.07,89.04,"0.535447",20091,NA,4,3,"1",59.39,108.3,0,0,4.95,2988.09,0,0,0,59.07,0,0
"199",199,"ITATIM",0,1,27.2,100,"0.565422",14763,NA,4.5,3,"1",1423.3,20.06,6.93,6.9,33.57,6.69,0,0,40.28,0,0,41.42
"200",200,"ITIRUCU",0,1,41.24,100,"0.466525",13307,13307,3.25,3,"1",105.42,0,0,0,15.06,0,0,0,22.59,0,0,119.27
"201",201,"ITIUBA",1,3,22.72,94.53,"0.5492",38492,38492,2.25,3,"1",48,5.32,0,0,1893.33,5.32,5.55,5.54,56,26.62,5.55,543.1
"202",202,"ITORORO",0,5,67.53,98.83,"0.439493",21178,21178,2.5,3,"1",2131.07,37.66,0,0,94.3,9.42,0,0,3545.5,23.54,9.82,34.34
"203",203,"ITUACU",0,3,16.25,100,"0.500464",19406,19406,5.25,1,"1",769.47,10.22,0,0,15.39,5.11,0,0,30.78,56.19,15.88,0
"204",204,"ITUBERA",NA,1,70.46,86.13,"0.50565",29108,NA,1.5,1,"1",386.02,0,0,6.99,146.89,0,0,6.99,201.55,13.59,3.51,1192.22
"205",205,"IUIU",0,3,7.47,91.89,"0.551459",11331,NA,4.5,3,"1",475.1,8.77,0,0,466.3,0,0,0,475.1,8.77,0,136.44
"206",206,"JABORANDI",NA,3,0.91,100,"0.735635",9225,9225,3,1,"1",0,0,94.16,23.85,10.94,33.13,82.39,0,120.38,44.17,353.11,250.45
"207",207,"JACARACI",0,3,11.58,100,"0.633804",15409,NA,3.5,1,"1",NA,NA,NA,NA,6.48,0,0,13.48,19.44,0,0,1361
"208",208,"JACOBINA",0,5,38.05,89.08,"0.545446",84811,84811,4,1,"1",1965.6,15.54,3.73,19.87,479.42,1.2,2.49,8.69,1011.57,56.2,18.66,960.03
"209",209,"JAGUAQUARA",0,5,60.29,91.97,"0.487607",55449,55449,3.5,3,"1",25.11,8.92,1.85,20.21,26.91,5.35,1.85,0,34.08,5.35,9.23,18.37
"210",210,"JAGUARARI",1,3,13.91,98.25,"0.52563",33186,33186,3,1,"1",1215.6,34.78,11.98,2.98,5803.99,5.8,0,2.98,994.05,5.8,5.99,35.75
"211",211,"JAGUARIPE",NA,3,21.84,100,"0.527649",18647,NA,5,1,"1",10.61,0,0,0,0,0,0,0,0,0,0,37.26
"212",212,"JANDAIRA",NA,3,17.23,94.19,"0.571308",11063,NA,2.75,1,"1",279.48,0,0,28.01,1181.03,8.99,0,9.34,198.34,8.99,18.71,102.72
"213",213,"JEQUIE",0,5,54.52,74.5,"0.565522",161528,161528,0.25,1,"1",238.45,12.95,0,14.11,13.59,3.08,0.64,3.21,273.66,71.51,13.48,355.85
"214",214,"JEREMOABO",1,3,8.94,97.96,"0.584378",41100,NA,2.75,1,"1",4.83,0,0,0,57.99,0,0,2.47,879.5,2.4,4.97,71.67
"215",215,"JIQUIRICA",NA,3,63.16,97.95,"0.50486",15033,15033,4.5,1,"1",13.27,6.62,0,0,46.45,0,0,0,46.45,0,6.89,13.76
"216",216,"JITAUNA",0,3,49.55,100,"0.532938",13300,NA,4.75,1,"1",30.8,0,0,0,0,0,0,0,146.32,0,0,17.91
"217",217,"JOAO DOURADO",0,1,27.85,78.48,"0.563056",25141,NA,3,3,"1",3.93,3.9,0,0,35.39,3.9,0,0,27.53,3.9,0,484.36
"218",218,"JUAZEIRO",1,5,32.77,99.13,"0.702518",218324,218324,1.5,2,"1",133.48,4.96,3.72,14.31,188.42,1.8,3.25,6,113.96,13.08,27.42,143.97
"219",219,"JUCURUCU",NA,3,6.88,100,"0.467835",10148,NA,4.75,3,"1",NA,NA,NA,NA,NA,NA,NA,NA,9.97,0,0,10.96
"220",220,"JUSSARA",0,3,11.81,91.16,"0.506778",15841,NA,2.75,3,"1",12.5,0,0,0,18.74,0,0,0,12.5,0,6.53,582.31
"221",221,"JUSSARI",NA,3,19.21,100,"0.501592",NA,NA,2.75,3,"1",221.38,31.87,0,0,838.08,63.75,0,0,1470.59,79.68,0,154.29
"222",222,"JUSSIAPE",0,3,12.27,100,"0.563354",7229,NA,0.25,1,"1",221.03,0,78.05,32.33,27.63,0,0,0,69.07,0,0,0
"223",223,"LAFAIETE COUTINHO",0,3,8.02,100,"0.612462",4020,NA,2,3,"1",150.15,0,0,0,0,0,0,0,25.03,0,0,53.71
"224",224,"LAGOA REAL",0,3,17.45,100,"0.580069",15801,NA,4.75,1,"1",NA,NA,NA,NA,NA,NA,NA,NA,138.19,0,0,178.74
"225",225,"LAJE",NA,3,53.6,98.81,"0.572115",23904,23904,1.75,3,"1",29.03,0,0,0,20.74,0,0,0,29.03,8.23,0,171.98
"226",226,"LAJEDAO",NA,3,6.48,100,"0.607295",4022,NA,4.75,3,"1",74.15,0,0,0,24.72,24.58,0,0,395.45,196.66,0,25.28
"227",227,"LAJEDINHO",0,3,4.76,87.22,"0.429043",3974,3974,3.75,3,"1",49.6,0,0,0,49.6,0,0,0,0,0,0,158.6
"228",228,"LAJEDO DO TABOCAL",0,3,23.14,100,"0.520872",8836,NA,3.5,3,"1",11.28,0,0,0,11.28,0,0,0,203.11,247.58,0,35.04
"229",229,"LAMARAO",0,3,48.08,100,"0.541008",9442,NA,2.75,3,"1",21.98,0,0,0,10.99,0,11.86,12.04,98.91,55.51,11.86,878.78
"230",230,"LAPAO",0,1,43.81,100,"0.603852",27521,NA,3.5,3,"1",28.4,0,0,275.5,17.75,0,0,3.67,21.3,3.54,0,433.46
"231",231,"LAURO DE FREITAS",NA,5,3375.43,73.2,"0.772548",191436,191436,0,4,"5",31.85,2.53,1.54,2.02,25.69,9.61,1.03,31.24,22.61,13.16,7.69,100.79
"232",232,"LENCOIS",0,3,9,97.24,"0.512992",11445,11445,1.5,1,"1",129.94,0,0,52.59,277.2,0,0,0,285.86,0,61.86,753.79
"233",233,"LICINIO DE ALMEIDA",0,3,15.14,100,"0.593689",12966,NA,4.75,1,"1",0,0,0,8.07,NA,NA,NA,NA,23.14,0,0,226.03
"234",234,"LIVRAMENTO DE NOSSA SENHORA",0,3,23.75,89.74,"0.646894",46035,NA,2,3,"1",6.47,0,2.2,10.93,2.16,0,2.2,0,77.59,0,330.48,596.96
"235",235,"Lu? Eduardo Magalh?s (BA)",NA,5,20.74,NA,"",NA,NA,1.5,3,"2",NA,NA,NA,NA,NA,NA,NA,NA,NA,NA,NA,NA
"236",236,"MACAJUBA",0,3,16.94,100,"0.522939",11837,11837,3.5,3,"1",58.93,0,0,0,42.09,16.84,0,0,33.68,16.84,0,140.99
"237",237,"MACARANI",0,5,15.66,91.47,"0.48928",18786,NA,4.5,3,"1",26.38,0,0,0,79.14,5.23,0,0,728.08,0,0,0
"238",238,"MACAUBAS",0,4,20.59,90.17,"0.536718",50262,NA,1.75,1,"1",379.17,23.54,20.21,66.23,9.87,11.77,4.04,10.03,203.41,9.81,86.91,802.79
"239",239,"MACURURE",1,4,3.26,100,"0.599832",8365,NA,4.5,3,"1",1254.83,0,0,0,24.13,0,0,0,760.14,12.1,0,25.56
"240",240,"MADRE DE DEUS",NA,5,642.5,95.53,"0.632288",20348,20348,5.25,5,"5",19.33,9.52,9.64,0,19.33,0,0,1796.8,9.67,14.28,9.64,682.69
"241",241,"MAETINGA",0,3,7.8,100,"0.588886",5174,NA,4.25,1,"1",NA,NA,NA,NA,NA,NA,NA,NA,62.55,22.44,0,0
"242",242,"MAIQUINIQUE",0,3,17.31,68.06,"0.556263",10082,NA,3.75,3,"1",1423.94,146,0,0,78.56,9.73,0,0,206.23,48.67,0,59.34
"243",243,"MAIRI",0,3,21.77,100,"0.576409",20097,NA,1.75,3,"1",4028.17,0,0,5.35,395.22,335.11,5.33,26.77,187.47,111.7,63.99,160.63
"244",244,"MALHADA",0,3,8.87,98.97,"0.523733",17455,NA,2.25,3,"1",62.89,17.12,77.24,5.94,0,0,17.83,0,40.02,5.71,392.16,184.03
"245",245,"MALHADA DE PEDRAS",0,3,16.15,100,"0.676671",8896,NA,5,3,"1",56.34,22.58,0,0,11.27,0,0,0,67.61,11.29,0,202.55
"246",246,"MANOEL VITORINO",0,3,6.52,100,"0.488544",14488,NA,2.25,3,"1",1455.03,14.03,29.86,7.55,34.81,14.03,7.46,7.55,891.12,63.15,59.71,128.4
"247",247,"MANSIDAO",NA,4,4.43,100,"0.660607",13761,NA,3.25,1,"2",NA,NA,NA,NA,NA,NA,NA,NA,50.49,0,0,0
"248",248,"MARACAS",0,1,9.69,100,"0.549745",23751,NA,2.5,1,"1",81.29,8.69,18.78,43.2,29.95,0,9.39,9.6,55.62,17.38,32.87,1094.36
"249",249,"MARAGOGIPE",NA,1,105.22,97.88,"0.518065",46106,46106,2,3,"1",334.01,0,0,0,0,0,0,4.48,28.2,0,0,47
"250",250,"MARAU",NA,3,25.03,100,"0.52429",21175,NA,4.75,1,"1",127.08,0,0,0,94.14,9.38,0,0,216.51,0,0,72.92
"251",251,"MARCIONILIO SOUZA",0,3,9.95,100,"0.556673",10951,NA,2.5,3,"1",201.08,9.15,0,0,594.1,9.15,0,19.22,1681.75,27.44,9.58,355.56
"252",252,"MASCOTE",NA,3,19.93,100,"0.450643",14877,NA,4.25,1,"1",1878.38,6.79,0,14.47,695.95,0,7.18,14.47,3662.16,0,0,7.23
"253",253,"MATA DE SAO JOAO",NA,5,76.65,99.37,"0.745441",45813,45813,1.25,1,"3",25.87,0,2.17,15.03,2.16,0,2.17,17.17,23.71,2.13,6.52,150.27
"254",254,"MATINA",0,3,16.04,95.72,"0.576788",12314,NA,2.5,3,"1",3684.3,0,0,0,40.31,0,0,0,386.97,0,74.28,434.39
"255",255,"MEDEIROS NETO",NA,1,17.94,100,"0.570156",23478,NA,3.5,3,"1",38.24,0,0,0,4.25,381.58,4.41,8.82,131.72,67.84,22.07,83.74
"256",256,"MIGUEL CALMON",0,1,17.25,91.94,"0.517615",27536,27536,3.75,1,"1",28.99,0,3.82,3.84,115.94,18.17,11.47,19.21,76.09,3.63,19.11,92.23
"257",257,"MILAGRES",0,3,27.65,100,"0.572794",11659,NA,4,3,"1",137.68,0,0,0,43.03,0,0,0,189.31,8.63,0,109.59
"258",258,"MIRANGABA",0,3,10.61,100,"0.454651",18039,NA,1.25,1,"1",694,0,0,16.36,107.6,0,0,10.91,274.37,0,10.99,856.15
"259",259,"MIRANTE",0,3,8.3,100,"0.538823",9902,NA,2.25,3,"1",0,0,11.31,0,0,20.88,0,0,102.72,10.44,0,104.15
"260",260,"MONTE SANTO",0,3,17.14,100,"0.503511",54733,NA,3.25,3,"1",178.79,0,0,2.02,715.18,0,0,0,71.13,1.92,0,586.83
"261",261,"MORPARA",0,4,4.28,100,"0.529494",8967,NA,5,1,"1",0,0,23.41,269.98,0,0,11.71,0,0,0,280.96,46.95
"262",262,"MORRO DO CHAPEU",0,3,6.4,100,"0.608271",36717,36717,1.75,1,"1",54.36,2.71,5.65,45.18,38.05,0,0,16.94,434.91,29.85,5.65,1457.09
"263",263,"MORTUGABA",0,3,23.67,100,"0.614995",12477,NA,4.25,1,"1",55.98,0,0,0,NA,NA,NA,NA,15.99,0,0,1735.59
"264",264,"MUCUGE",0,3,4.1,100,"0.691478",10244,10244,1,1,"1",59.43,0,10.82,0,1158.87,0,0,11.04,39.62,10.04,0,154.49
"265",265,"MUCURI",NA,1,23.26,100,"0.627397",41068,41068,3.75,1,"1",264.51,16.64,4.85,55.09,31.26,541.93,16.98,67.07,709.36,363.66,70.35,1092.27
"266",266,"MULUNGU DO MORRO",0,3,18.8,74.91,"0.547638",12200,NA,4.75,1,"1",NA,NA,NA,NA,NA,NA,NA,NA,32.9,0,0,1046.93
"267",267,"MUNDO NOVO",0,3,18.21,79.73,"0.4818",27165,NA,2.25,1,"3",346.03,0,0,0,346.03,95.02,0,0,195.1,160.8,0,0
"268",268,"MUNIZ FERREIRA",NA,3,73.18,100,"0.576118",7893,NA,3.75,3,"1",65.36,13.02,0,0,39.22,0,0,0,52.29,0,0,80.84
"269",269,"MUQUEM DE SAO FRANCISCO",0,3,3,100,"0.549869",11495,11495,4.75,1,"1",NA,NA,NA,NA,0,0,0,26.44,0,0,0,52.87
"270",270,"MURITIBA",0,5,354.36,94.71,"0.591953",30743,30743,4.75,3,"1",78.47,6.53,3.4,37.42,26.16,0,0,78.23,127.51,45.71,10.21,595.26
"271",271,"MUTUIPE",NA,3,83.08,97.66,"0.605265",22833,22833,3.25,1,"1",43.64,17.39,0,27,34.91,4.35,0,0,8.73,0,4.51,36
"272",272,"NAZARE",NA,5,105.7,100,"0.532264",29406,29406,2.75,1,"1",33.96,0,0,0,6.79,0,0,3.51,156.2,0,0,28.05
"273",273,"NILO PECANHA",NA,3,36.52,100,"0.527071",14188,NA,3.75,1,"1",140.07,0,0,0,105.05,0,7.19,0,168.08,0,7.19,107.17
"274",274,"NORDESTINA",0,3,29.12,100,"0.601317",13321,NA,3.75,3,"1",88.55,0,0,0,538.67,7.35,0,0,295.16,14.71,15.27,472.2
"275",275,"NOVA CANAA",0,3,21.27,100,"0.370561",17082,NA,2,3,"1",29.22,0,0,0,409.05,0,0,0,46.75,11.67,0,12.15
"276",276,"NOVA FATIMA",0,3,23.36,100,"0.609796",8125,NA,2,3,"3",0,1046.93,140.99,204.81,234.54,123.17,0,0,0,61.58,0,2470.56
"277",277,"NOVA IBIA",NA,3,34.5,100,"0.479504",7036,NA,5,1,"1",42.8,0,0,0,0,0,0,0,0,0,0,0
"278",278,"NOVA ITARANA",0,3,17.61,100,"0.524953",8312,NA,4.75,3,"1",1839.46,23.73,0,0,119.45,0,0,0,358.34,0,24.47,48.63
"279",279,"NOVA REDENCAO",0,3,16.78,100,"",9470,NA,4.25,3,"1",527.15,0,0,0,242.49,0,0,21.93,590.41,10.53,0,438.69
"280",280,"NOVA SOURE",0,3,28.13,78.14,"0.546229",25854,NA,2,3,"1",NA,NA,NA,NA,34.71,0,0,0,0,0,0,70.51
"281",281,"NOVA VICOSA",NA,5,33.16,93.6,"0.534519",43216,43216,1.75,1,"1",192.45,68.1,0,9.22,187.87,429.04,6.98,253.6,1370.05,869.43,18.63,343.51
"282",282,"NOVO HORIZONTE",0,4,19.73,100,"0.514323",12238,NA,3,1,"1",484.61,7.99,0,16.15,137.31,7.99,0,16.15,169.61,23.97,8.17,290.67
"283",283,"NOVO TRIUNFO",0,3,63.73,100,"0.512311",15993,NA,2.5,1,"1",68.68,0,0,0,199.8,0,0,0,131.12,0,0,25.91
"284",284,"OLINDINA",0,1,42.22,89.62,"0.439278",26817,26817,2.75,3,"1",11.15,0,0,0,22.3,0,0,170.04,3.72,3.42,0,396.76
"285",285,"OLIVEIRA DOS BREJINHOS",0,4,6.88,87.86,"0.500896",22774,NA,3.25,1,"1",17.55,4.39,0,4.58,43.88,8.77,13.74,4.58,61.43,17.54,1034.89,210.77
"286",286,"OURICANGAS",0,3,56.66,94.39,"0.430488",8839,8839,3,3,"1",NA,NA,NA,NA,NA,NA,NA,NA,0,0,0,46.71
"287",287,"OUROLANDIA",0,3,11.62,100,"0.495987",17775,NA,4,3,"1",2406.15,5.55,11.5,17.19,178.23,0,0,0,1197.5,22.19,11.5,670.45
"288",288,"PALMAS DE MONTE ALTO",0,3,8.77,61.2,"0.51499",22416,NA,4.5,3,"1",80.05,0,4.61,0,8.89,4.43,0,0,44.47,4.43,18.43,510.34
"289",289,"PALMEIRAS",0,3,12.46,100,"0.526972",9130,9130,5,1,"1",620.17,32.43,0,44.35,10.88,0,0,0,65.28,21.62,22.32,1751.86
"290",290,"PARAMIRIM",0,3,20.41,100,"0.59535",22077,NA,5.25,1,"1",270.47,4.49,422.9,643.31,0,0,13.94,9.26,595.02,13.46,1552.19,2314.06
"291",291,"PARATINGA",0,3,12.5,94.17,"0.415562",NA,NA,5.25,1,"1",60.96,3.03,313.94,9.38,42.67,0,9.42,12.5,94.49,15.17,941.83,78.12
"292",292,"PARIPIRANGA",0,3,68.81,69.73,"0.498695",29878,NA,2.25,3,"1",60.04,0,3.45,3.45,290.19,0,10.36,6.9,313.54,0,107.06,1038.32
"293",293,"PAU BRASIL",NA,3,17.22,100,"0.509099",10905,NA,4.75,3,"1",2735.53,0,0,0,1910.24,9.37,0,0,6073.81,131.17,10.02,20.34
"294",294,"PAULO AFONSO",1,5,77.62,68.72,"0.669073",119214,119214,3,3,"1",255.98,2.49,5.13,5.94,487.78,1.66,1.71,0.85,491.12,4.97,3.42,112.07
"295",295,"PE DE SERRA",0,3,23.84,100,"0.560485",14471,NA,4.5,3,"3",154.61,21.09,2455.7,51.55,35.14,0,14.7,0,119.47,0,176.46,346.15
"296",296,"PEDRAO",0,3,47.23,100,"0.578622",7568,NA,2.25,3,"1",0,0,13.7,0,0,0,0,979.99,0,0,0,299.44
"297",297,"PEDRO ALEXANDRE",1,3,20.28,98.06,"0.537501",18135,NA,5,3,"1",NA,NA,NA,NA,0,0,0,48,11.01,5.49,0,377.99
"298",298,"PIATA",0,4,10.06,100,"0.501263",NA,NA,4.75,1,"1",10.89,0,0,5.84,NA,NA,NA,NA,5.44,0,0,5.84
"299",299,"PILAO ARCADO",1,4,3.06,46.45,"0.438662",NA,NA,4.5,1,"1",8.43,0,0,0,14.05,0,11.6,0,53.39,11.19,475.56,22.83
"300",300,"PINDAI",0,3,26.81,95.53,"0.479092",16805,NA,4,3,"1",332.36,0,0,0,11.87,0,0,0,593.51,0,0,645.76
"301",301,"PINDOBACU",1,1,42.74,100,"0.523042",NA,NA,2,1,"1",302.02,9.45,0,0,566.28,14.17,0,0,18.88,42.51,9.9,44.67
"302",302,"PINTADAS",0,3,17.05,87.69,"0.510487",10742,10742,5.25,3,"3",335.27,0,0,67.07,18.12,18.16,0,0,90.61,9.08,0,1379.71
"303",303,"PIRAI DO NORTE",NA,3,53.69,99.74,"0.524175",10360,NA,4.75,1,"1",9.63,0,0,0,NA,NA,NA,NA,38.51,0,0,319.27
"304",304,"PIRIPA",0,3,23.52,100,"0.620667",12238,NA,4.25,1,"1",689.66,0,0,0,74.78,0,9.13,9.34,1046.95,0,9.13,0
"305",305,"PIRITIBA",0,1,25.5,89.93,"0.393758",25027,NA,3.75,3,"1",2047.84,0,0,8.08,499.96,99.16,0,0,235.98,15.87,4.08,206.02
"306",306,"PLANALTINO",0,3,9.97,100,"0.418604",9473,NA,2.5,3,"1",104.94,0,10.79,0,10.49,0,0,0,94.45,0,0,42.91
"307",307,"PLANALTO",0,3,34.78,100,"0.532294",26632,NA,0.5,3,"1",NA,NA,NA,NA,14.96,0,0,0,1779.91,0,0,3.81
"308",308,"POCOES",0,5,52.06,100,"0.537464",48729,NA,3.25,3,"1",32.79,2.05,2.13,0,14.34,2.05,0,0,69.67,6.14,6.4,2.13
"309",309,"POJUCA",NA,5,120.64,100,"0.585737",37543,37543,1.5,3,"3",71.07,2.52,2.56,0,15.79,0,5.12,25.3,15.79,12.59,5.12,255.57
"310",310,"PONTO NOVO",1,3,29.98,100,"0.492685",16168,NA,3.75,3,"1",880.95,6.32,0,100.58,981.63,0,0,0,308.33,6.32,6.66,167.63
"311",311,"PORTO SEGURO",NA,5,64.51,96.26,"0.706715",145431,145431,1.25,3,"1",425.92,152.02,10.23,24.88,90.88,33.48,6.82,10.76,54.94,40.18,8.87,71.96
"312",312,"POTIRAGUA",NA,3,7.82,100,"0.639031",8969,NA,3.25,3,"1",1242.24,0,0,0,11.5,0,0,0,23,0,0,0
"313",313,"PRADO",NA,3,17.34,100,"0.531497",29218,NA,1.75,3,"1",184.47,10.23,3.55,7.1,23.91,75.02,24.87,21.3,181.05,68.2,24.87,127.78
"314",314,"PRESIDENTE DUTRA",0,3,67.65,100,"0.564151",14712,NA,4.5,3,"1",592.39,12.71,0,6.6,76.44,0,0,0,522.33,38.13,0,455.69
"315",315,"PRESIDENTE JANIO QUADROS",0,3,11.13,100,"0.609589",13178,13178,3,1,"1",14.86,7.5,0,16.21,0,0,0,0,44.59,0,8,162.1
"316",316,"PRESIDENTE TANCREDO NEVES",NA,3,62.92,99.39,"0.449923",27505,NA,3.5,1,"1",2992.48,10.68,10.94,28.86,21.58,3.56,0,3.61,50.35,3.56,7.29,580.83
"317",317,"QUEIMADAS",0,3,13.19,79.18,"0.477624",26083,NA,4.25,3,"1",222.43,0,3.93,0,184.73,11.3,0,7.86,180.96,3.77,3.93,98.27
"318",318,"QUIJINGUE",0,3,20.68,93.8,"0.502656",28655,NA,2,3,"1",637.34,3.49,0,3.63,1439.28,3.49,0,3.63,77.04,3.49,25.42,1232.78
"319",319,"QUIXABEIRA",0,3,25.69,100,"0.530207",10033,NA,3.5,3,"1",95.6,0,0,0,53.11,10.63,0,11.15,435.52,10.63,0,1025.41
"320",320,"RAFAEL JAMBEIRO",0,3,21.57,100,"0.541886",24349,NA,5.25,3,"3",97.77,8.49,0,30.94,25.5,0,0,17.68,29.76,0,4.42,1021.18
"321",321,"REMANSO",1,1,9.07,85.78,"0.466051",42275,42275,4.25,1,"1",852.15,18.75,41.26,29.26,68.27,2.34,2.43,0,150.66,74.99,507.28,409.68
"322",322,"RETIROLANDIA",0,3,60.36,92.69,"0.60342",13319,NA,1.5,3,"1",1873.25,33.94,0,0,1018.66,0,0,0,232.45,13.58,0,111.14
"323",323,"RIACHAO DAS NEVES",NA,3,3.9,100,"0.485806",23264,NA,4.25,1,"2",0,4.29,4.48,0,NA,NA,NA,NA,25.76,72.92,26.85,241.73
"324",324,"RIACHAO DO JACUIPE",0,1,30.05,95.66,"0.61792",35403,35403,4.5,3,"3",262.13,698.6,155.67,388.8,293.82,69,14.97,442.64,72.01,115,137.71,2204.21
"325",325,"RIACHO DE SANTANA",0,3,11.38,81.55,"0.527758",NA,NA,4.5,1,"1",44.14,0,19.86,0,5.52,0,2.84,0,74.49,5.49,437,1326.9
"326",326,"RIBEIRA DO AMPARO",0,3,22.94,81.78,"0.509082",15269,NA,1.5,3,"1",300.5,6.48,0,0,1502.48,0,0,6.85,783.9,0,13.47,13.71
"327",327,"RIBEIRA DO POMBAL",0,5,46.52,88.44,"0.597285",51418,51418,5,3,"1",282.99,40.03,43.43,1.86,580.58,94.61,307.8,46.46,38.34,56.4,130.3,18.58
"328",328,"RIBEIRAO DO LARGO",0,3,5.75,100,"0.396508",8260,NA,2.5,3,"1",51.05,0,0,0,NA,NA,NA,NA,114.87,0,0,34.41
"329",329,"RIO DE CONTAS",0,3,12.18,100,"0.563337",13616,13616,2,1,"1",NA,NA,NA,NA,0,0,7.66,0,404.98,0,306.56,123.18
"330",330,"RIO DO ANTONIO",0,3,20.21,100,"0.667011",15628,NA,4.5,3,"1",NA,NA,NA,NA,NA,NA,NA,NA,38.17,6.33,6.54,0
"331",331,"RIO DO PIRES",0,4,18.45,100,"0.497142",12084,NA,1.75,1,"1",355.11,0,0,0,8.26,8.24,8.59,0,256.01,107.17,51.52,137.28
"332",332,"RIO REAL",NA,1,55.63,62.91,"0.491952",40809,NA,4,3,"1",94.93,9.58,4.94,780.71,214.19,7.18,7.41,461.55,21.91,7.18,2.47,535.21
"333",333,"RODELAS",1,1,4.21,97.3,"0.59749",8887,8887,2.25,1,"1",21.51,0,10.85,10.72,290.42,10.63,0,21.43,86.05,21.27,0,150.04
"334",334,"RUY BARBOSA",0,1,16.03,98.67,"0.511883",31867,31867,5.25,1,"1",219.21,0,0,16.23,1189.99,6.25,0,9.74,128.39,24.99,0,97.36
"335",335,"SALINAS DA MARGARIDA",NA,3,102.87,91.6,"0.612933",15385,NA,1.5,5,"1",12.83,0,0,0,6.42,0,0,6.38,0,0,0,19.15
"336",336,"SALVADOR",NA,5,4234.59,38.84,"0.731191",2921087,2921087,1.75,5,"5",31.62,11.88,4.23,20.75,28.79,10.77,3.39,133.44,114.87,70.99,42.7,322.63
"337",337,"SANTA BARBARA",0,3,61.41,100,"0.503587",20754,20754,4.75,3,"3",51.62,149.43,9.66,456.93,9.39,28.02,4.83,67.34,23.46,28.02,9.66,2121.11
"338",338,"SANTA BRIGIDA",1,3,16.77,100,"0.584003",15100,15100,5,3,"1",6.63,0,0,0,2922.27,0,0,0,3366.24,0,7.1,7.04
"339",339,"SANTA CRUZ CABRALIA",NA,1,19.41,100,"0.592802",28226,28226,1.75,1,"1",165.53,14.01,10.86,0,105.66,451.81,86.87,0,348.67,833.57,257,399.6
"340",340,"SANTA CRUZ DA VITORIA",NA,1,23.67,100,"",6750,NA,4,3,"1",104.12,0,0,0,490.85,14.93,0,0,1636.17,59.72,0,63.34
"341",341,"SANTA INES",0,1,29.45,100,"0.529585",11177,11177,3.5,1,"1",4234.94,8.96,0,0,1128.12,0,0,0,125.35,0,0,9.41
"342",342,"SANTA LUZIA",NA,3,8.32,100,"0.460357",13626,NA,0,1,"1",1539.83,59.71,7.84,7.94,1510.22,335.87,23.53,0,1362.16,29.86,0,0
"343",343,"SANTA MARIA DA VITORIA",NA,5,50.68,100,"0.510956",41795,41795,3.75,1,"1",2.39,0,2.51,0,0,4.79,0,12.55,129.24,177.16,723.95,1320.12
"344",344,"SANTA RITA DE CASSIA",NA,1,14.6,94.75,"0.520621",28822,28822,3.5,1,"2",17.25,0,3.55,0,0,6.86,0,10.59,48.3,171.55,17.74,49.4
"345",345,"SANTA TERESINHA",0,3,5.56,90.47,"0.59587",10586,10586,5.25,3,"1",122.42,0,0,0,47.09,0,0,0,65.92,0,0,172.99
"346",346,"SANTALUZ",0,1,171.63,75.5,"0.530721",36915,NA,1.25,3,"1",633.19,13.01,5.38,2.68,3179.05,13.01,0,2.68,340.14,127.53,10.76,101.75
"347",347,"SANTANA",0,3,4.54,76.22,"0.479698",27260,NA,5,1,"1",NA,NA,NA,NA,0,0,0,3.76,219.13,0,7.54,202.9
"348",348,"SANTANOPOLIS",0,3,12.84,100,"0.538858",9442,NA,4.75,3,"3",0,0,0,156.55,0,0,0,55.91,10.83,0,0,2158.11
"349",349,"SANTO AMARO",NA,5,126.37,75.98,"0.615891",61702,61702,2,3,"5",6.47,0,0,11.65,43.66,8.07,1.68,104.88,24.26,3.23,6.72,193.11
"350",350,"SANTO ANTONIO DE JESUS",NA,5,391.49,82.64,"0.724647",101548,101548,4.5,3,"1",439.16,4.84,0,6.9,176.64,0,0.99,3.94,43.92,13.55,8.95,511.27
"351",351,"SANTO ESTEVAO",0,1,148.4,90.94,"0.615305",53193,53193,3.25,3,"3",1.87,0,9.54,60.55,1.87,1.86,0,22.71,13.09,25.97,62.96,3065.28
"352",352,"SAO DESIDERIO",NA,3,2.19,100,"0.664064",32640,NA,3.75,1,"2",18.09,0,6.03,20.75,6.03,26.74,6.03,11.85,15.07,26.74,60.25,171.89
"353",353,"SAO DOMINGOS",0,3,32.35,100,"0.652817",9877,NA,2.5,3,"1",703.55,53.17,0,0,394.41,31.9,0,11.04,255.84,21.27,33.18,253.92
"354",354,"SAO FELIPE",NA,3,98.63,96.72,"0.679981",21582,NA,3,3,"1",104.86,0,37.97,0,31.91,0,0,4.75,27.35,0,0,42.71
"355",355,"SAO FELIX",NA,5,147.95,100,"0.610543",15091,15091,3.75,3,"1",26.19,0,0,0,0,0,0,0,32.74,0,0,529.17
"356",356,"SAO FELIX DO CORIBE",NA,5,8.97,100,"0.487656",15647,NA,4.5,1,"1",0,6.32,6.53,0,0,12.64,19.6,0,216.04,120.06,600.91,162.43
"357",357,"SAO FRANCISCO DO CONDE",NA,5,147.58,100,"0.697421",39329,39329,2.25,3,"5",477.51,4.97,2.54,80.4,1764.26,686.23,106.77,1004.97,110.58,44.75,5.08,366.82
"358",358,"SAO GABRIEL",0,3,17.1,100,"0.455285",19542,NA,2,3,"1",10.21,0,0,0,15.31,0,0,0,25.52,0,5.32,564.04
"359",359,"SAO GONCALO DOS CAMPOS",0,1,127.67,98.18,"0.611455",37554,37554,1,3,"3",37.2,2.63,0,2.66,29.23,18.41,2.69,69.24,18.6,2.63,16.16,2034.62
"360",360,"SAO JOSE DA VITORIA",NA,3,47.54,100,"0.457834",6118,NA,3.25,1,"1",1019.57,66.17,0,0,1200.46,0,17.51,0,6758.76,99.26,105.08,17.68
"361",361,"SAO JOSE DO JACUIPE",0,3,29.62,98.39,"0.510884",11061,NA,2.75,3,"1",83.84,0,0,9.56,74.52,9.27,0,9.56,65.21,0,0,19.12
"362",362,"SAO MIGUEL DAS MATAS",NA,3,52.19,100,"0.521102",12009,12009,4.75,3,"1",91.28,0,0,0,41.49,0,0,17.13,16.6,0,8.59,42.83
"363",363,"SAO SEBASTIAO DO PASSE",NA,5,85.09,95.86,"0.611291",45482,45482,4.5,3,"5",135.79,0,2.26,13.54,10.95,4.36,0,160.27,21.9,10.91,6.79,936.79
"364",364,"SAPEACU",NA,3,137.81,100,"0.591883",17664,NA,4.75,3,"1",105.07,0,0,0,5.53,0,0,11.5,204.61,5.52,0,206.92
"365",365,"SATIRO DIAS",0,3,20.21,100,"0.574712",20320,NA,0.5,3,"1",29.45,0,0,0,34.35,0,0,214.21,152.14,0,0,613.67
"366",366,"SAUBARA",NA,3,73.97,96.14,"",12238,NA,2,5,"5",NA,NA,NA,NA,0,0,0,0,8.12,0,8.35,41.52
"367",367,"SAUDE",0,3,26.21,95.31,"0.512701",12739,NA,2.25,1,"1",29.98,119.54,0,0,37.47,0,0,0,382.22,14.94,0,170.37
"368",368,"SEABRA",0,3,18.9,54.29,"0.604704",45202,NA,3,1,"1",1387.82,4.39,0,58.97,11.01,2.19,2.28,0,748.98,4.39,2.28,1383.5
"369",369,"SEBASTIAO LARANJEIRAS",0,3,5.85,100,"0.566443",11528,NA,3.25,3,"1",1480.84,0,0,34.98,17.22,8.55,0,61.22,137.75,0,370.01,1722.93
"370",370,"SENHOR DO BONFIM",1,5,102.32,71.13,"0.587899",81330,81330,0.5,3,"1",2238.48,11.08,2.54,6.33,1474.58,14.78,1.27,5.06,508.86,29.55,6.36,155.67
"371",371,"SENTO SE",1,3,3.41,67.73,"0.436864",NA,NA,2,1,"1",33.67,2.39,2.46,0,177.99,0,2.46,0,269.39,0,2.46,100.78
"372",372,"SERRA DO RAMALHO",0,3,14.09,95.25,"0.5015",NA,NA,3,3,"1",593.94,0,6.34,0,6.06,0,0,0,306.06,0,104.66,136.63
"373",373,"SERRA DOURADA",0,3,11.53,100,"0.59649",18389,NA,1.75,3,"1",0,0,22.92,23.01,0,0,17.19,5.75,130.78,0,143.25,764.98
"374",374,"SERRA PRETA",0,3,27.16,100,"0.48197",15351,NA,1.75,3,"3",0,6.24,13.28,0,0,6.24,0,0,12.37,12.47,26.55,215.08
"375",375,"SERRINHA",0,5,141.64,78.47,"0.503448",83275,83275,1.25,3,"1",220.28,10.83,0,1.24,204.55,1.2,0,3.71,606.38,49.35,22.38,1046.24
"376",376,"SERROLANDIA",0,3,42.77,99.94,"0.489253",13373,NA,2.75,3,"1",566.28,21.69,29.97,74.64,1263.25,0,14.98,67.18,493.68,14.46,44.95,4180.04
"377",377,"SIMOES FILHO",NA,5,669.28,49.57,"0.676562",133202,133202,0.5,3,"3",413.59,63.95,0,30.51,201.23,92.61,3.01,41.67,308.89,325.62,6.77,216.55
"378",378,"SITIO DO MATO",0,3,8.22,100,"0.521242",NA,NA,4.75,3,"1",0,0,15.43,0,0,0,7.71,0,14.95,7.44,2483.61,146.02
"379",379,"SITIO DO QUINTO",0,3,16.45,100,"0.451472",11767,NA,3,3,"1",NA,NA,NA,NA,1180.86,0,9.69,30.04,251.8,8.86,48.47,90.13
"380",380,"SOBRADINHO",1,5,20.48,96.82,"0.560286",23583,23583,3.75,1,"1",8.46,0,8.77,0,198.73,0,4.38,4.31,97.25,0,4.38,43.12
"381",381,"SOUTO SOARES",0,3,16.97,100,"0.579368",17332,NA,2,1,"1",5.74,5.71,0,0,0,0,0,5.89,155,0,41.41,1507.74
"382",382,"TABOCAS DO BREJO VELHO",0,3,9.08,100,"0.561733",13025,NA,4.25,1,"2",0,0,7.99,0,0,0,7.99,0,23,0,143.8,23.97
"383",383,"TANHACU",0,3,16.67,100,"0.581467",21282,NA,5.25,3,"1",4.7,4.69,0,0,0,4.69,4.9,4.9,4.7,4.69,475.12,274.47
"384",384,"TANQUE NOVO",0,3,24.4,85.51,"0.617699",17702,NA,5.25,3,"1",202.28,0,0,0,28.09,5.59,0,0,247.23,27.96,17.36,506.74
"385",385,"TANQUINHO",0,3,33.69,100,"0.443071",8553,NA,3.25,3,"3",36.52,145.77,75.86,12.63,24.35,60.74,12.64,0,85.22,267.25,63.22,1944.94
"386",386,"TAPEROA",NA,3,47.08,98.63,"0.516311",21091,21091,2.25,1,"1",70.48,0,14.36,4.75,4.7,4.66,4.79,18.98,79.88,4.66,4.79,612.13
"387",387,"TAPIRAMUTA",0,1,24.98,88.51,"0.585689",17398,17398,2.25,1,"1",5.6,0,0,0,716.89,2364.81,23.47,11.76,515.26,3418.32,52.8,146.97
"388",388,"TEIXEIRA DE FREITAS",NA,5,137.11,89.66,"0.663358",157804,157804,1.25,3,"1",676.42,46.39,20.83,4.36,111.38,1246.21,1507.78,31.16,554.4,185.54,222.79,251.73
"389",389,"TEODORO SAMPAIO",NA,3,32.64,100,"0.604638",8013,NA,3.25,3,"3",25.05,0,0,26.94,0,0,0,26.94,0,0,0,175.08
"390",390,"TEOFILANDIA",0,3,66.27,97.49,"0.545538",23011,23011,5,3,"1",98.63,0,4.45,0,30.02,0,0,0,17.15,8.56,0,524.03
"391",391,"TEOLANDIA",NA,3,52.72,100,"0.514529",15178,NA,3.25,1,"1",975.83,13.02,0,0,26.2,6.51,0,13.38,13.1,0,6.73,107.07
"392",392,"TERRA NOVA",NA,3,73.4,100,"0.65312",13547,NA,5.25,3,"3",140.46,0,0,7.67,7.39,0,0,705.9,7.39,0,0,3744.34
"393",393,"TREMEDAL",0,3,8.88,100,"0.534821",18187,NA,3,1,"1",22.4,0,0,6.1,39.21,11.3,6.02,0,1355.44,67.8,0,18.3
"394",394,"TUCANO",0,3,23.97,93.56,"0.544033",55777,55777,0,3,"1",110.73,1.9,1.98,15.78,280.64,9.52,5.93,15.78,80.18,11.42,0,244.64
"395",395,"UAUA",1,3,8.41,100,"0.457571",25087,NA,3.75,1,"1",259.16,0,4.08,8.25,796.81,0,4.08,12.38,587.94,3.88,16.34,41.25
"396",396,"UBAIRA",0,3,31.55,87.49,"0.487187",20782,20782,1.75,1,"1",129.85,4.81,0,60.32,28.86,0,0,75.4,28.86,0,0,583.06
"397",397,"UBAITABA",NA,1,114,87.66,"0.525796",20813,NA,0.75,1,"1",48.44,4.88,0,10.5,121.09,4.88,0,5.25,121.09,14.64,10.38,20.99
"398",398,"UBATA",NA,1,153.66,79.36,"0.44493",27051,NA,4.5,1,"1",186.83,14.53,0,3.7,230.79,0,0,0,816.94,10.9,0,7.4
"399",399,"UIBAI",0,3,26.51,100,"0.502951",14483,NA,4.25,1,"1",4109.59,6.91,0,0,55.35,6.91,0,21.6,124.53,103.63,7.2,1447.4
"400",400,"UMBURANAS",0,3,10.89,76.09,"0.520715",19055,NA,3.5,1,"1",372.23,0,0,0,25.85,0,5.25,0,15.51,0,0,140.46
"401",401,"UNA",NA,3,19.26,100,"0.564992",22105,22105,4.5,1,"1",520.59,18.75,10.26,15.79,520.59,32.82,5.13,0,1110.29,32.82,5.13,31.58
"402",402,"URANDI",0,3,19.2,94.84,"0.575714",NA,NA,4.5,3,"1",334.7,0,0,150.08,NA,NA,NA,NA,0,0,0,1176.61
"403",403,"URUCUCA",NA,1,42.69,92.98,"0.477721",21849,21849,0.25,1,"1",68.88,32.24,0,4.87,303.06,303.99,0,24.37,445.4,303.99,4.85,48.74
"404",404,"UTINGA",0,1,31.07,70.68,"0.515165",19593,NA,4,1,"1",81.27,5.06,5.24,5.21,35.55,0,5.24,0,106.66,0,15.71,83.43
"405",405,"VALENCA",NA,5,87.21,56.8,"0.583135",97305,97305,0.75,1,"1",556.84,1.01,2.09,26.93,1161.62,1.01,3.13,30.03,515.03,1.01,26.08,135.66
"406",406,"VALENTE",0,1,71.99,82.25,"0.587925",27906,NA,2.5,3,"1",3032.44,3.48,0,14.05,260.33,34.79,17.77,3.51,144.23,20.87,14.22,231.8
"407",407,"VARZEA DA ROCA",0,3,31.24,100,"0.536346",14729,NA,3,3,"1",150.36,0,0,0,47.84,0,14.2,0,690.27,0,0,425.41
"408",408,"VARZEA DO POCO",0,3,45.54,64.65,"0.519643",9416,NA,4.25,3,"1",21.27,0,0,10.91,191.41,0,0,0,31.9,0,0,32.72
"409",409,"VARZEA NOVA",0,3,11.01,100,"0.583304",13470,13470,5.25,3,"1",733.33,7.43,7.83,0,7.41,22.3,0,23.63,7.41,7.43,23.49,252.03
"410",410,"VARZEDO",0,3,42.5,100,"0.624029",9363,NA,3.25,3,"1",159.42,10.67,0,0,95.65,0,0,0,127.54,0,0,147.09
"411",411,"VERA CRUZ",NA,5,144.18,90.2,"0.532608",42650,42650,0,5,"5",389.23,18.33,11.71,104.11,78.77,6.87,2.34,25.45,162.18,16.04,14.05,210.54
"412",412,"VEREDA",NA,3,8.51,100,"0.547492",6696,NA,2.75,3,"1",NA,NA,NA,NA,0,30.21,0,0,30.04,75.53,0,16.12
"413",413,"VITORIA DA CONQUISTA",0,5,93.38,58.45,"0.666214",343230,343230,0,3,"1",73.68,8.03,3.84,23.04,13.58,4.3,4.43,9.75,754.47,47.32,20.95,114.04
"414",414,"WAGNER",0,3,18.65,100,"0.465265",9731,NA,5,1,"1",10.26,0,0,0,61.58,0,0,0,71.85,0,32.1,1219.9
"415",415,"WANDERLEY",NA,3,4.44,100,"0.548272",13008,NA,5,1,"2",92.51,0,0,0,7.71,30.92,0,8.17,100.22,2234.25,8.13,408.56
"416",416,"WENCESLAU GUIMARAES",NA,3,34.25,100,"0.439809",22530,NA,1,1,"1",164.85,0,0,4.74,13.37,4.47,0,4.74,35.64,17.89,14.13,28.43
"417",417,"XIQUE-XIQUE",0,5,9.5,78.78,"0.463834",48316,48316,4.5,1,"1",2.07,0,0,0,2.07,0,2.15,0,24.86,4.14,152.89,163.5
